Date,Close/Last,Volume,Open,High,Low,Day
02/24/2020,69.42,49 565 560.00,71.65,71.91,69.12,0
02/25/2020,69.66,44 080 740.00,69.81,70.79,68.95,1
02/26/2020,65.90,59 566 000.00,68.10,68.59,65.86,2
02/27/2020,66.97,75 812 360.00,63.88,67.06,63.55,3
02/28/2020,69.46,48 629 360.00,67.58,69.54,66.34,4
03/02/2020,67.07,48 046 520.00,69.97,70.51,66.60,5
03/03/2020,69.33,38 266 300.00,67.96,69.40,67.16,6
03/04/2020,65.95,51 225 760.00,67.51,67.95,65.26,7
03/05/2020,64.92,53 212 560.00,63.85,65.31,63.05,8
03/06/2020,60.78,67 307 300.00,60.27,62.74,60.00,9
03/09/2020,64.02,52 227 460.00,63.00,64.06,60.94,10
03/10/2020,60.77,52 224 580.00,62.49,63.05,59.80,11
03/11/2020,55.75,84 534 960.00,56.30,59.69,55.67,12
03/12/2020,60.99,74 002 500.00,58.95,60.99,55.86,13
03/13/2020,54.22,85 047 300.00,54.80,57.61,53.72,14
03/16/2020,55.99,77 229 780.00,54.66,56.54,52.80,15
03/17/2020,54.84,84 668 700.00,52.83,55.33,51.86,16
03/18/2020,55.76,73 022 120.00,54.65,57.90,53.01,17
03/19/2020,53.62,72 035 000.00,56.79,57.20,53.27,18
03/20/2020,52.83,80 882 740.00,53.07,53.57,50.68,19
03/23/2020,56.72,66 889 000.00,55.19,56.75,54.53,20
03/24/2020,55.12,81 630 560.00,56.32,57.45,54.30,21
03/25/2020,58.09,71 475 100.00,55.59,58.50,54.68,22
03/26/2020,55.54,64 169 900.00,56.28,57.53,55.30,23
03/27/2020,57.34,51 481 220.00,56.25,57.58,54.82,24
03/30/2020,58.14,49 759 660.00,57.37,58.77,56.91,25
03/31/2020,55.28,46 883 460.00,56.10,56.48,54.87,26
04/01/2020,56.04,39 297 620.00,54.91,56.34,54.82,27
04/02/2020,54.89,46 268 000.00,55.95,56.18,53.99,28
04/03/2020,59.35,53 294 460.00,56.90,59.73,56.55,29
04/06/2020,59.33,47 746 580.00,61.05,61.25,59.11,30
04/07/2020,60.51,39 502 700.00,60.33,60.95,59.41,31
04/08/2020,60.57,43 508 420.00,61.20,61.28,59.84,32
04/09/2020,60.88,34 796 560.00,60.46,61.03,59.38,33
04/13/2020,63.46,49 407 060.00,62.25,64.10,61.85,34
04/14/2020,63.12,33 434 060.00,62.28,64.02,62.02,35
04/15/2020,63.17,50 361 980.00,63.71,63.95,62.13,36
04/16/2020,64.16,38 980 840.00,64.24,64.72,63.56,37
04/17/2020,63.33,33 909 760.00,63.55,64.08,63.07,38
04/20/2020,60.82,43 060 060.00,62.35,62.71,60.49,39
04/21/2020,63.16,41 862 800.00,62.28,64.28,62.10,40
04/22/2020,63.82,31 324 060.00,63.58,64.67,63.28,41
04/23/2020,63.97,32 807 880.00,63.06,64.02,62.47,42
04/24/2020,63.79,32 011 260.00,64.80,64.81,63.45,43
04/27/2020,61.68,59 026 180.00,64.40,64.40,61.61,44
04/28/2020,67.07,75 872 480.00,67.07,68.00,66.27,45
04/29/2020,67.43,53 378 120.00,66.24,67.64,66.12,46
04/30/2020,66.03,41 452 780.00,66.43,67.60,65.55,47
05/01/2020,66.34,30 080 340.00,65.41,66.38,64.95,48
05/04/2020,67.56,33 030 660.00,66.90,68.70,66.87,49
05/05/2020,67.37,24 308 460.00,68.08,68.56,67.36,50
05/06/2020,68.63,27 995 180.00,68.30,68.88,67.76,51
05/07/2020,69.42,27 761 360.00,69.16,69.94,68.77,52
05/08/2020,70.16,28 242 320.00,68.91,70.83,68.86,53
05/11/2020,68.79,27 812 000.00,70.36,70.75,68.74,54
05/12/2020,67.47,36 251 700.00,68.85,69.27,66.42,55
05/13/2020,67.81,32 061 540.00,66.75,67.87,66.20,56
05/14/2020,68.66,34 154 940.00,67.50,68.72,66.95,57
05/15/2020,69.20,36 479 280.00,68.09,69.62,67.71,58
05/18/2020,68.67,25 612 980.00,69.35,69.60,68.67,59
05/19/2020,70.34,33 107 500.00,69.48,70.52,69.36,60
05/20/2020,70.14,27 703 880.00,70.40,70.77,69.67,61
05/21/2020,70.52,26 188 160.00,69.84,70.64,69.59,62
05/22/2020,70.85,41 212 860.00,71.86,72.05,70.61,63
05/26/2020,70.89,33 722 840.00,70.86,71.09,69.56,64
05/27/2020,70.84,33 879 520.00,69.84,72.04,69.80,65
05/28/2020,71.45,36 761 180.00,70.85,71.63,70.67,66
05/29/2020,71.59,24 342 800.00,70.92,71.90,70.90,67
06/01/2020,71.96,25 562 560.00,71.53,71.98,70.94,68
06/02/2020,71.82,25 123 720.00,71.92,72.33,71.49,69
06/03/2020,70.61,29 685 440.00,71.52,71.95,70.24,70
06/04/2020,71.92,34 704 880.00,70.66,72.25,70.30,71
06/05/2020,72.33,28 083 560.00,71.12,72.40,71.12,72
06/08/2020,72.81,28 184 980.00,72.27,73.40,72.16,73
06/09/2020,73.29,30 503 060.00,72.98,73.71,72.81,74
06/10/2020,70.19,39 826 640.00,72.12,72.72,70.10,75
06/11/2020,70.66,38 927 340.00,71.42,71.85,69.30,76
06/12/2020,70.99,30 121 920.00,69.54,71.24,69.40,77
06/15/2020,72.14,34 232 280.00,72.26,72.75,71.30,78
06/16/2020,72.56,30 992 300.00,72.36,73.00,71.57,79
06/17/2020,71.80,31 638 320.00,72.46,72.57,71.35,80
06/18/2020,71.59,63 157 500.00,72.20,72.39,71.07,81
06/19/2020,72.59,30 848 800.00,71.45,72.64,71.16,82
06/22/2020,73.22,28 595 280.00,72.78,73.80,72.26,83
06/23/2020,71.60,35 120 440.00,73.08,73.77,71.49,84
06/24/2020,72.07,24 609 480.00,71.50,72.15,71.00,85
06/25/2020,68.00,85 353 960.00,71.57,71.67,67.60,86
06/26/2020,69.75,36 203 600.00,67.91,69.78,67.35,87
06/29/2020,70.68,40 847 620.00,69.52,70.93,69.20,88
06/30/2020,71.90,35 503 340.00,70.56,72.15,70.49,89
07/01/2020,73.24,37 189 600.00,72.35,74.15,72.32,90
07/02/2020,74.79,31 279 940.00,74.00,75.33,73.64,91
07/06/2020,74.26,29 163 440.00,74.50,75.84,74.18,92
07/07/2020,74.80,24 993 160.00,74.72,75.29,74.28,93
07/08/2020,75.55,28 466 440.00,75.32,76.14,74.40,94
07/09/2020,77.09,37 134 080.00,75.31,77.19,74.83,95
07/10/2020,75.57,36 928 480.00,77.50,78.86,75.26,96
07/13/2020,76.03,31 700 320.00,74.52,76.15,74.18,97
07/14/2020,75.68,32 213 680.00,76.16,76.77,74.90,98
07/15/2020,75.90,30 386 900.00,75.00,75.93,74.32,99
07/16/2020,75.78,29 140 200.00,76.08,76.17,74.92,100
07/17/2020,78.29,31 145 040.00,75.76,78.51,75.18,101
07/20/2020,77.92,24 372 900.00,79.35,79.35,77.71,102
07/21/2020,78.42,18 639 700.00,78.03,78.50,77.31,103
07/22/2020,75.78,32 552 680.00,78.35,78.59,75.37,104
07/23/2020,75.59,30 888 080.00,74.95,75.88,74.42,105
07/24/2020,76.51,24 919 600.00,75.78,77.05,75.76,106
07/27/2020,75.02,34 043 480.00,76.26,76.32,74.88,107
07/28/2020,76.10,22 130 680.00,75.32,76.56,75.07,108
07/29/2020,76.57,33 427 920.00,74.85,76.89,74.61,109
07/30/2020,74.15,68 580 720.00,75.25,75.45,72.70,110
07/31/2020,73.72,46 630 280.00,74.33,74.52,73.28,111
08/03/2020,73.25,38 069 780.00,73.83,74.28,72.93,112
08/04/2020,73.68,39 599 140.00,73.47,74.12,73.17,113
08/05/2020,75.01,39 907 360.00,73.59,75.12,73.30,114
08/06/2020,74.72,31 556 520.00,75.00,75.84,74.08,115
08/07/2020,74.81,25 790 600.00,74.36,75.20,73.65,116
08/10/2020,74.02,29 087 300.00,74.62,75.50,73.90,117
08/11/2020,75.33,28 753 100.00,74.28,75.62,74.26,118
08/12/2020,75.92,29 104 160.00,75.52,76.86,75.40,119
08/13/2020,75.39,27 104 000.00,75.78,76.10,75.14,120
08/14/2020,75.90,27 572 000.00,75.73,76.28,75.40,121
08/17/2020,77.93,40 541 720.00,76.31,78.12,76.19,122
08/18/2020,77.38,33 212 220.00,77.67,78.68,77.20,123
08/19/2020,79.09,34 137 540.00,77.17,79.29,76.91,124
08/20/2020,79.02,28 929 060.00,78.85,79.89,78.40,125
08/21/2020,79.41,28 204 580.00,79.70,80.71,79.03,126
08/24/2020,80.41,42 641 680.00,79.10,80.58,79.10,127
08/25/2020,82.62,71 621 440.00,80.40,82.96,80.18,128
08/26/2020,81.72,37 232 040.00,82.68,82.75,81.29,129
08/27/2020,82.22,29 995 640.00,81.67,82.36,81.54,130
08/28/2020,81.71,36 468 120.00,82.39,82.40,81.52,131
08/31/2020,83.04,36 533 100.00,81.83,83.29,81.61,132
09/01/2020,86.41,50 223 600.00,83.69,86.66,83.32,133
09/02/2020,82.09,62 155 260.00,85.49,85.49,80.75,134
09/03/2020,79.55,52 171 360.00,81.21,82.26,77.38,135
09/04/2020,76.62,52 217 680.00,76.68,78.19,76.40,136
09/08/2020,77.85,35 494 080.00,77.88,78.45,76.80,137
09/09/2020,76.60,32 371 140.00,78.03,79.20,76.29,138
09/10/2020,76.04,31 941 740.00,76.80,78.76,74.87,139
09/11/2020,75.96,33 931 780.00,76.95,78.20,75.79,140
09/14/2020,77.07,26 621 640.00,76.80,77.98,76.59,141
09/15/2020,76.05,26 245 980.00,77.78,78.10,75.99,142
09/16/2020,74.78,37 595 020.00,74.80,75.41,73.50,143
09/17/2020,73.00,62 077 640.00,74.90,75.15,71.86,144
09/18/2020,71.56,57 776 540.00,72.00,72.42,70.33,145
09/21/2020,73.27,31 664 020.00,72.50,73.48,71.73,146
09/22/2020,70.76,33 147 000.00,72.94,73.05,70.39,147
09/23/2020,71.41,29 004 320.00,70.55,72.19,70.49,148
09/24/2020,72.25,26 467 500.00,71.63,72.50,70.67,149
09/25/2020,73.23,40 158 820.00,73.71,73.84,72.47,150
09/28/2020,73.47,19 582 040.00,73.52,73.83,72.94,151
09/29/2020,73.48,34 032 160.00,73.34,74.49,72.99,152
09/30/2020,74.50,35 589 940.00,74.21,74.95,73.96,153
10/01/2020,72.92,25 681 420.00,73.10,74.16,72.55,154
10/02/2020,74.30,22 265 140.00,73.31,74.41,73.21,155
10/05/2020,72.67,24 908 460.00,73.78,74.34,72.43,156
10/06/2020,73.01,34 923 120.00,73.21,73.45,71.80,157
10/07/2020,74.30,23 756 620.00,73.25,74.50,73.25,158
10/08/2020,75.76,28 710 840.00,74.74,75.83,74.47,159
10/09/2020,78.46,49 651 200.00,77.15,79.69,76.63,160
10/12/2020,78.58,32 020 860.00,79.19,79.50,78.16,161
10/13/2020,78.40,38 619 800.00,78.93,79.38,77.53,162
10/14/2020,77.96,30 816 340.00,77.36,78.76,77.25,163
10/15/2020,78.65,28 702 740.00,78.29,79.06,78.15,164
10/16/2020,76.73,32 141 500.00,79.02,79.41,76.40,165
10/19/2020,77.80,44 851 440.00,76.35,78.88,76.28,166
10/20/2020,79.67,51 366 900.00,78.67,80.94,78.58,167
10/21/2020,80.77,28 680 840.00,79.65,81.10,79.25,168
10/22/2020,82.05,27 516 880.00,81.30,82.12,81.03,169
10/23/2020,79.52,37 065 080.00,81.25,81.91,78.83,170
10/26/2020,80.21,24 580 040.00,79.78,80.34,79.14,171
10/27/2020,75.83,36 679 180.00,77.99,78.07,75.73,172
10/28/2020,78.36,40 061 280.00,76.12,79.69,76.11,173
10/29/2020,81.05,86 617 240.00,83.61,84.35,80.22,174
10/30/2020,81.30,50 708 920.00,81.41,83.04,80.80,175
11/02/2020,82.51,33 233 060.00,81.59,83.09,80.83,176
11/03/2020,87.46,71 418 540.00,85.51,88.57,85.30,177
11/04/2020,88.17,41 316 240.00,89.05,89.68,87.53,178
11/05/2020,88.09,33 224 500.00,87.70,88.62,87.02,179
11/06/2020,88.15,45 365 400.00,89.55,90.90,88.00,180
11/09/2020,87.02,52 722 840.00,86.55,88.15,85.87,181
11/10/2020,87.64,25 279 320.00,87.50,88.21,87.37,182
11/11/2020,87.49,24 975 080.00,87.38,88.41,87.28,183
11/12/2020,88.85,30 011 480.00,87.88,89.05,87.23,184
11/13/2020,89.07,24 935 700.00,88.59,89.95,88.38,185
11/16/2020,88.51,22 942 280.00,88.85,89.25,88.35,186
11/17/2020,87.34,23 469 320.00,88.26,88.67,87.31,187
11/18/2020,88.20,24 998 200.00,86.92,88.48,86.85,188
11/19/2020,87.11,46 273 100.00,88.26,88.70,87.09,189
11/20/2020,86.74,43 239 500.00,87.48,87.70,85.89,190
11/23/2020,88.44,31 594 060.00,86.53,88.58,86.38,191
11/24/2020,88.57,20 922 440.00,88.64,88.93,87.83,192
11/25/2020,89.66,17 698 320.00,88.65,90.20,88.62,193
11/27/2020,88.04,36 476 720.00,89.06,89.40,87.75,194
11/30/2020,89.91,34 780 900.00,88.72,91.24,88.47,195
12/01/2020,91.40,24 440 640.00,89.91,91.78,89.47,196
12/02/2020,91.34,24 545 960.00,91.20,92.36,91.13,197
12/03/2020,91.40,27 563 320.00,91.23,91.66,90.85,198
12/04/2020,90.97,26 418 920.00,90.95,91.62,90.29,199
12/07/2020,90.93,21 926 380.00,90.51,91.10,89.81,200
12/08/2020,89.21,30 151 160.00,90.60,91.71,88.39,201
12/09/2020,88.77,27 256 960.00,88.49,89.07,87.02,202
12/10/2020,89.09,24 413 020.00,88.15,89.22,88.00,203
12/11/2020,88.00,32 003 460.00,88.75,89.87,87.86,204
12/14/2020,88.39,29 645 220.00,88.22,88.57,87.50,205
12/15/2020,88.15,30 270 860.00,88.64,88.65,87.80,206
12/16/2020,87.40,32 494 880.00,88.43,88.59,86.93,207
12/17/2020,86.55,80 327 060.00,87.71,87.76,86.01,208
12/18/2020,86.97,36 567 560.00,85.68,87.04,84.95,209
12/21/2020,86.18,18 766 920.00,86.72,86.87,85.63,210
12/22/2020,86.62,20 678 340.00,86.41,87.40,86.25,211
12/23/2020,86.94,6 935 060.00,86.75,87.30,86.46,212
12/24/2020,88.80,27 860 660.00,87.58,89.54,87.32,213
12/28/2020,87.94,25 987 900.00,89.39,89.62,87.80,214
12/29/2020,86.98,26 122 600.00,88.10,88.25,86.28,215
12/30/2020,87.59,20 244 800.00,86.77,87.95,86.77,216
12/31/2020,86.41,38 037 100.00,87.88,88.03,85.39,217
01/04/2021,87.05,22 906 940.00,86.25,87.38,85.90,218
01/05/2021,86.76,52 042 280.00,85.13,87.40,84.95,219
01/06/2021,89.36,45 300 440.00,87.00,89.42,86.85,220
01/07/2021,90.36,41 020 040.00,89.40,90.49,88.68,221
01/08/2021,88.34,24 194 700.00,89.30,89.72,88.03,222
01/11/2021,87.33,27 153 820.00,87.70,88.90,86.27,223
01/12/2021,87.72,21 882 620.00,86.93,88.25,86.90,224
01/13/2021,87.01,23 589 540.00,87.68,88.75,86.67,225
01/14/2021,86.81,26 843 400.00,86.91,87.80,86.08,226
01/15/2021,89.54,34 692 280.00,87.61,90.46,87.07,227
01/19/2021,94.35,49 805 160.00,91.57,95.19,91.28,228
01/20/2021,94.56,41 278 640.00,94.90,96.74,94.36,229
01/21/2021,95.05,25 444 640.00,94.78,95.55,94.09,230
01/22/2021,94.97,38 546 400.00,96.03,96.48,93.38,231
01/25/2021,95.86,26 262 780.00,94.44,96.25,94.21,232
01/26/2021,91.54,54 965 840.00,94.13,94.50,90.45,233
01/27/2021,93.16,35 462 760.00,92.20,94.94,92.13,234
01/28/2021,91.79,32 251 040.00,92.31,92.86,90.51,235
01/29/2021,95.07,32 043 640.00,92.68,96.12,92.55,236
02/01/2021,96.38,45 474 460.00,96.13,97.79,95.72,237
02/02/2021,103.50,82 363 400.00,103.65,105.83,100.92,238
02/03/2021,103.12,37 046 580.00,103.44,103.93,102.13,239
02/04/2021,104.90,30 702 700.00,103.50,105.13,102.97,240
02/05/2021,104.65,24 848 220.00,105.30,106.18,103.60,241
02/08/2021,104.18,17 797 000.00,103.93,105.26,103.93,242
02/09/2021,104.77,22 709 280.00,104.71,105.42,103.15,243
02/10/2021,104.79,18 913 000.00,104.98,105.10,103.87,244
02/11/2021,105.21,17 117 300.00,104.51,105.44,104.16,245
02/12/2021,106.10,22 676 760.00,105.22,107.63,105.22,246
02/16/2021,106.42,21 418 820.00,105.00,106.68,104.95,247
02/17/2021,105.86,22 437 100.00,105.52,106.64,105.19,248
02/18/2021,105.06,29 152 240.00,105.96,106.53,104.87,249
02/19/2021,103.24,27 350 660.00,103.35,104.57,103.11,250
02/22/2021,103.54,33 347 540.00,101.25,104.10,100.10,251
02/23/2021,104.76,24 966 980.00,102.09,105.04,101.91,252
02/24/2021,101.57,36 568 640.00,103.37,104.74,101.06,253
02/25/2021,101.84,41 676 020.00,102.53,103.55,100.80,254
02/26/2021,104.08,28 102 300.00,102.83,104.33,102.31,255
03/01/2021,103.79,22 691 900.00,103.81,105.22,103.56,256
03/02/2021,101.34,29 683 620.00,103.36,104.43,100.50,257
03/03/2021,102.45,42 360 120.00,101.17,104.46,101.01,258
03/04/2021,105.43,43 904 360.00,103.66,105.91,102.32,259
03/05/2021,101.21,32 948 580.00,105.06,106.44,101.08,260
03/08/2021,102.64,33 946 120.00,103.50,103.90,102.39,261
03/09/2021,102.75,25 371 840.00,103.59,103.75,101.67,262
03/10/2021,105.74,24 781 600.00,103.70,106.29,103.62,263
03/11/2021,103.10,34 515 880.00,104.25,104.51,102.38,264
03/12/2021,103.32,25 966 500.00,103.12,103.35,102.18,265
03/15/2021,104.63,29 831 280.00,103.95,106.18,103.50,266
03/16/2021,104.55,25 980 320.00,103.80,105.49,102.70,267
03/17/2021,101.81,27 248 600.00,103.05,103.78,101.68,268
03/18/2021,102.16,46 297 860.00,102.10,102.66,100.88,269
03/19/2021,101.93,39 096 320.00,102.09,102.90,101.30,270
03/22/2021,102.65,27 339 940.00,102.59,103.62,101.96,271
03/23/2021,102.25,23 080 580.00,103.27,103.91,102.08,272
03/24/2021,102.22,28 378 140.00,102.24,102.94,100.54,273
03/25/2021,101.78,29 876 000.00,101.94,102.55,100.70,274
03/26/2021,102.80,24 595 540.00,101.39,102.92,100.78,275
03/29/2021,102.78,20 735 480.00,102.88,103.54,102.20,276
03/30/2021,103.43,29 198 600.00,102.96,104.67,102.84,277
03/31/2021,106.89,33 979 560.00,104.90,107.15,104.84,278
04/01/2021,111.28,43 297 500.00,107.65,111.87,107.58,279
04/05/2021,111.24,27 060 720.00,111.13,111.88,110.74,280
04/06/2021,112.48,25 797 220.00,111.31,112.75,111.27,281
04/07/2021,113.27,27 165 180.00,113.90,114.20,112.88,282
04/08/2021,114.29,20 887 300.00,112.84,114.45,112.69,283
04/09/2021,112.74,31 317 020.00,113.31,113.77,111.92,284
04/12/2021,113.36,23 316 080.00,113.07,113.86,112.80,285
04/13/2021,112.74,20 219 340.00,113.76,113.90,112.46,286
04/14/2021,114.83,27 472 240.00,113.85,115.33,113.30,287
04/15/2021,114.89,22 601 800.00,115.15,115.32,114.22,288
04/16/2021,115.12,24 688 900.00,114.60,115.92,114.39,289
04/19/2021,114.68,21 774 980.00,115.39,115.48,113.59,290
04/20/2021,114.66,23 934 620.00,114.26,114.77,112.93,291
04/21/2021,113.40,21 096 160.00,114.66,115.19,112.82,292
04/22/2021,115.77,28 703 240.00,114.17,116.29,113.91,293
04/23/2021,116.34,20 833 000.00,116.00,117.06,115.69,294
04/26/2021,115.36,31 971 660.00,116.80,116.87,115.21,295
04/27/2021,119.00,59 728 780.00,120.36,122.62,118.74,296
04/28/2021,121.49,39 553 540.00,120.52,121.83,120.11,297
04/29/2021,120.51,39 142 600.00,120.22,121.36,120.11,298
04/30/2021,119.76,33 787 780.00,120.14,120.99,119.23,299
05/03/2021,117.71,35 120 300.00,118.49,118.96,115.59,300
05/04/2021,117.84,21 805 500.00,118.42,119.11,117.57,301
05/05/2021,119.07,20 617 180.00,117.53,119.14,117.12,302
05/06/2021,119.93,23 277 840.00,120.00,120.82,119.50,303
05/07/2021,117.08,26 005 420.00,118.74,118.90,116.74,304
05/10/2021,115.44,32 110 960.00,114.59,116.10,114.15,305
05/11/2021,111.95,34 933 280.00,113.09,114.27,111.50,306
05/12/2021,113.10,26 670 160.00,113.05,113.83,112.14,307
05/13/2021,115.81,26 624 960.00,114.59,116.06,114.17,308
05/14/2021,116.07,19 835 840.00,115.47,116.17,114.75,309
05/17/2021,115.17,17 302 380.00,116.85,117.16,115.16,310
05/18/2021,115.44,19 350 880.00,113.22,115.84,113.18,311
05/19/2021,117.80,23 831 860.00,116.40,118.02,116.05,312
05/20/2021,117.26,22 832 640.00,118.30,118.45,117.12,313
05/21/2021,120.33,21 243 780.00,118.35,120.92,118.01,314
05/24/2021,120.45,18 838 560.00,121.00,121.64,120.15,315
05/25/2021,121.68,21 856 380.00,120.64,122.15,120.63,316
05/26/2021,120.13,38 962 260.00,121.85,122.00,120.10,317
05/27/2021,120.58,24 107 640.00,121.10,121.41,120.38,318
05/28/2021,121.49,19 165 780.00,121.10,121.90,120.24,319
06/01/2021,121.06,17 162 100.00,121.77,122.10,120.21,320
06/02/2021,120.23,18 345 820.00,119.75,120.49,119.14,321
06/03/2021,122.59,25 948 680.00,121.13,122.69,120.89,322
06/04/2021,123.30,23 849 060.00,122.57,123.40,122.05,323
06/07/2021,124.14,25 065 060.00,124.00,124.72,123.41,324
06/08/2021,124.57,20 126 740.00,124.98,125.25,124.37,325
06/09/2021,126.08,31 234 660.00,124.70,126.16,124.70,326
06/10/2021,125.70,25 246 180.00,126.25,126.35,124.91,327
06/11/2021,126.35,22 550 440.00,125.67,126.41,125.05,328
06/14/2021,126.03,22 182 600.00,126.52,126.86,125.65,329
06/15/2021,125.70,26 316 760.00,126.25,126.52,124.15,330
06/16/2021,126.37,25 755 820.00,125.52,127.20,125.52,331
06/17/2021,125.57,53 306 200.00,125.71,126.39,124.60,332
06/18/2021,126.46,26 256 520.00,125.74,127.04,125.13,333
06/21/2021,127.00,20 986 200.00,126.45,127.27,126.03,334
06/22/2021,126.46,19 693 160.00,126.55,127.80,126.25,335
06/23/2021,127.28,18 933 240.00,127.05,127.54,126.96,336
06/24/2021,127.00,33 485 940.00,126.96,127.51,126.44,337
06/25/2021,126.82,28 110 860.00,127.00,127.34,125.97,338
06/28/2021,126.02,20 949 560.00,126.77,127.00,125.44,339
06/29/2021,125.32,24 009 560.00,125.65,125.80,124.76,340
06/30/2021,126.37,17 124 600.00,124.85,126.46,124.85,341
07/01/2021,128.72,21 165 120.00,126.84,128.85,126.77,342
07/02/2021,129.77,21 350 340.00,129.45,129.88,128.41,343
07/06/2021,130.08,16 683 720.00,130.34,130.64,129.76,344
07/07/2021,129.18,19 779 500.00,128.25,130.03,128.04,345
07/08/2021,129.57,15 109 320.00,128.94,129.85,128.94,346
07/09/2021,130.56,16 950 920.00,129.83,130.77,129.60,347
07/12/2021,130.99,16 617 960.00,130.88,132.04,130.64,348
07/13/2021,132.08,17 918 540.00,131.90,133.00,131.90,349
07/14/2021,131.27,16 586 320.00,132.50,132.60,130.60,350
07/15/2021,131.85,14 861 180.00,131.64,132.18,130.82,351
07/16/2021,129.25,25 709 320.00,131.16,131.25,128.54,352
07/19/2021,131.10,19 083 120.00,130.00,132.00,129.19,353
07/20/2021,132.60,14 741 640.00,130.79,132.62,130.60,354
07/21/2021,133.33,13 608 140.00,132.65,133.50,132.40,355
07/22/2021,137.82,26 377 740.00,135.26,138.81,134.70,356
07/23/2021,139.64,23 052 460.00,138.25,139.71,137.65,357
07/26/2021,136.80,42 163 060.00,140.01,140.01,135.10,358
07/27/2021,136.38,54 688 340.00,138.56,139.68,136.35,359
07/28/2021,136.54,19 283 340.00,136.38,137.15,136.14,360
07/29/2021,135.22,23 954 500.00,135.51,135.77,134.81,361
07/30/2021,135.99,20 140 040.00,135.48,136.02,134.67,362
08/02/2021,136.28,19 064 000.00,136.00,136.34,134.18,363
08/03/2021,136.03,16 527 140.00,136.25,136.54,135.42,364
08/04/2021,136.94,11 871 780.00,136.03,136.95,135.60,365
08/05/2021,137.04,13 565 020.00,136.30,137.08,136.05,366
08/06/2021,138.00,12 379 560.00,136.95,138.32,136.43,367
08/09/2021,138.10,16 039 080.00,138.08,138.55,137.23,368
08/10/2021,137.69,15 209 660.00,138.28,138.85,137.35,369
08/11/2021,138.39,14 649 400.00,137.71,138.42,136.78,370
08/12/2021,138.41,12 580 580.00,138.36,138.67,138.01,371
08/13/2021,138.92,18 050 840.00,138.00,138.99,136.17,372
08/16/2021,137.30,21 274 020.00,138.19,138.72,136.79,373
08/17/2021,136.57,14 934 460.00,137.12,138.29,136.42,374
08/18/2021,136.91,18 295 920.00,135.47,137.45,135.36,375
08/19/2021,138.44,15 566 740.00,137.08,138.61,136.47,376
08/20/2021,141.10,21 089 680.00,139.00,142.18,138.75,377
08/23/2021,142.40,15 126 260.00,141.54,143.01,141.35,378
08/24/2021,142.95,12 843 060.00,142.88,143.31,142.44,379
08/25/2021,142.12,14 922 000.00,142.62,143.13,142.09,380
08/26/2021,144.55,24 568 240.00,142.11,145.01,142.02,381
08/27/2021,145.47,16 915 900.00,144.70,146.49,144.60,382
08/30/2021,145.46,26 756 420.00,145.88,146.11,145.00,383
08/31/2021,145.84,15 824 680.00,145.65,146.82,145.61,384
09/01/2021,144.22,21 855 800.00,145.95,146.33,144.11,385
09/02/2021,144.78,19 110 480.00,144.15,145.38,143.51,386
09/03/2021,145.52,15 172 600.00,144.75,145.82,144.54,387
09/07/2021,144.88,15 491 660.00,145.39,145.55,144.20,388
09/08/2021,144.91,14 798 560.00,144.88,145.67,144.43,389
09/09/2021,141.92,32 896 620.00,145.44,146.02,141.74,390
09/10/2021,143.47,20 175 620.00,143.20,144.19,142.28,391
09/13/2021,143.41,18 919 140.00,144.16,144.73,142.91,392
09/14/2021,145.21,20 653 420.00,143.76,145.58,142.26,393
09/15/2021,144.37,20 298 840.00,145.12,145.20,143.42,394
09/16/2021,141.46,60 039 820.00,143.80,144.25,141.06,395
09/17/2021,139.02,34 917 720.00,139.00,139.36,137.05,396
09/20/2021,139.65,18 129 380.00,140.12,140.81,138.91,397
09/21/2021,140.94,22 067 800.00,140.05,141.58,139.47,398
09/22/2021,141.83,17 276 100.00,141.61,142.25,141.10,399
09/23/2021,142.63,14 949 340.00,140.95,142.90,140.85,400
09/24/2021,141.50,18 844 080.00,141.59,142.50,140.50,401
09/27/2021,136.18,42 189 660.00,139.09,139.61,135.70,402
09/28/2021,134.52,26 337 220.00,137.11,137.40,134.25,403
09/29/2021,133.27,35 363 980.00,134.33,135.59,133.00,404
09/30/2021,136.46,28 387 300.00,133.55,137.07,133.38,405
10/01/2021,133.77,31 529 900.00,135.70,135.70,131.17,406
10/04/2021,136.18,24 126 740.00,134.00,137.36,134.00,407
10/05/2021,137.35,19 764 320.00,134.63,137.85,134.49,408
10/06/2021,139.19,18 250 460.00,138.86,140.15,138.56,409
10/07/2021,140.06,18 928 420.00,139.91,140.32,139.43,410
10/08/2021,138.85,16 584 760.00,139.80,140.76,138.81,411
10/11/2021,136.71,22 535 020.00,139.64,139.70,136.25,412
10/12/2021,137.90,16 393 280.00,137.75,138.55,136.98,413
10/13/2021,141.41,21 437 560.00,139.95,141.65,139.34,414
10/14/2021,141.68,21 253 360.00,142.20,142.20,141.06,415
10/15/2021,142.96,16 567 200.00,141.21,143.00,141.21,416
10/18/2021,143.82,15 315 840.00,143.29,144.11,143.10,417
10/19/2021,142.42,17 939 500.00,144.22,144.25,141.91,418
10/20/2021,142.78,14 849 920.00,142.19,142.85,141.64,419
10/21/2021,138.63,30 182 640.00,140.35,141.56,137.17,420
10/22/2021,138.77,21 081 700.00,138.81,139.21,136.75,421
10/25/2021,139.67,28 258 740.00,140.61,140.84,139.01,422
10/26/2021,146.43,51 850 920.00,139.90,149.12,139.90,423
10/27/2021,146.13,32 418 060.00,147.30,147.42,144.76,424
10/28/2021,148.27,28 954 500.00,145.52,148.61,145.17,425
10/29/2021,143.77,32 272 100.00,148.17,148.40,143.58,426
11/01/2021,145.86,21 150 580.00,144.81,146.92,144.64,427
11/02/2021,146.79,17 886 600.00,146.28,146.91,145.05,428
11/03/2021,148.68,24 700 800.00,147.20,149.95,146.64,429
11/04/2021,149.24,20 408 140.00,149.35,150.57,148.65,430
11/05/2021,149.35,18 388 140.00,150.00,151.03,149.12,431
11/08/2021,149.25,16 875 560.00,149.75,150.38,147.51,432
11/09/2021,146.63,22 708 320.00,148.01,148.70,145.33,433
11/10/2021,146.75,12 463 100.00,147.11,148.50,146.69,434
11/11/2021,149.65,17 047 660.00,147.83,149.86,146.45,435
11/12/2021,149.39,16 247 340.00,150.00,150.48,148.65,436
11/15/2021,149.08,17 254 860.00,149.17,149.83,148.35,437
11/16/2021,149.06,15 290 820.00,149.23,149.63,148.56,438
11/17/2021,150.71,26 682 400.00,149.15,151.61,149.00,439
11/18/2021,149.95,19 782 960.00,151.00,151.85,149.89,440
11/19/2021,147.08,24 627 700.00,150.14,150.74,147.01,441
11/22/2021,146.76,18 133 140.00,147.11,147.69,144.89,442
11/23/2021,146.72,16 464 060.00,146.35,147.00,145.20,443
11/24/2021,142.81,16 992 120.00,145.02,145.30,142.49,444
11/26/2021,146.11,26 276 120.00,144.30,146.86,144.30,445
11/29/2021,142.45,41 590 520.00,145.45,146.63,142.07,446
11/30/2021,141.62,28 545 780.00,144.21,146.50,141.50,447
12/01/2021,143.78,21 250 700.00,141.82,144.68,140.98,448
12/02/2021,142.52,26 687 480.00,144.50,145.21,141.15,449
12/03/2021,143.80,22 197 700.00,143.57,144.35,140.65,450
12/06/2021,148.04,23 258 280.00,145.95,148.30,145.70,451
12/07/2021,148.72,18 963 940.00,148.33,149.16,147.20,452
12/08/2021,148.11,18 580 600.00,148.18,149.61,147.53,453
12/09/2021,148.68,21 638 460.00,149.10,149.40,147.36,454
12/10/2021,146.70,24 103 920.00,148.44,148.56,146.36,455
12/13/2021,144.97,24 778 800.00,144.77,145.44,142.24,456
12/14/2021,147.37,27 280 960.00,144.37,147.52,142.71,457
12/15/2021,144.84,27 399 740.00,148.08,148.55,144.09,458
12/16/2021,142.80,43 404 700.00,142.71,144.46,141.79,459
12/17/2021,142.40,20 263 520.00,140.68,142.61,140.25,460
12/20/2021,144.22,19 551 940.00,143.15,144.69,141.74,461
12/21/2021,146.95,18 440 480.00,144.10,147.30,143.96,462
12/22/2021,147.14,13 818 680.00,147.09,148.57,146.95,463
12/23/2021,148.06,13 259 320.00,147.46,148.43,147.25,464
12/27/2021,146.45,18 635 840.00,148.37,148.37,145.94,465
12/28/2021,146.50,17 024 720.00,146.43,147.18,145.50,466
12/29/2021,146.00,12 977 020.00,146.45,147.06,145.76,467
12/30/2021,144.68,17 297 700.00,145.54,146.37,144.68,468
12/31/2021,145.07,25 224 500.00,144.48,145.55,143.50,469
01/03/2022,144.42,22 927 780.00,145.55,146.61,143.82,470
01/04/2022,137.65,49 641 520.00,144.18,144.30,137.52,471
01/05/2022,137.55,29 049 040.00,137.50,139.69,136.76,472
01/06/2022,137.00,19 408 240.00,137.91,138.25,135.79,473
01/07/2022,138.57,34 095 680.00,135.10,138.64,133.14,474
01/10/2022,140.02,23 501 240.00,138.18,140.33,136.81,475
01/11/2022,141.65,23 641 580.00,141.55,142.81,141.11,476
01/12/2022,139.13,26 565 080.00,141.84,143.19,138.91,477
01/13/2022,139.79,23 825 920.00,137.50,141.20,137.50,478
01/14/2022,136.29,27 401 960.00,136.60,137.39,135.62,479
01/18/2022,135.65,20 795 280.00,136.94,138.40,135.50,480
01/19/2022,133.51,21 930 560.00,136.51,137.91,133.14,481
01/20/2022,130.09,41 919 220.00,133.01,134.76,130.00,482
01/21/2022,130.37,55 292 040.00,126.03,130.78,124.64,483
01/24/2022,126.74,36 008 600.00,128.44,129.34,126.38,484
01/25/2022,129.24,39 630 880.00,130.59,132.81,127.15,485
01/26/2022,129.12,30 285 020.00,131.36,132.61,128.95,486
01/27/2022,133.29,30 517 560.00,130.00,133.37,128.69,487
01/28/2022,135.70,34 055 560.00,134.20,135.84,132.27,488
01/31/2022,137.88,51 203 200.00,137.84,138.20,134.57,489
02/01/2022,148.04,89 750 760.00,151.86,152.10,145.56,490
02/02/2022,142.65,56 930 140.00,145.30,149.12,142.21,491
02/03/2022,143.02,49 224 400.00,143.02,144.54,139.82,492
02/04/2022,138.94,44 610 740.00,143.71,143.85,138.70,493
02/07/2022,139.21,34 255 040.00,138.99,139.84,136.87,494
02/08/2022,141.45,28 627 160.00,140.85,142.18,140.38,495
02/09/2022,138.60,33 017 700.00,139.50,141.43,138.05,496
02/10/2022,134.13,38 808 800.00,138.75,139.28,133.29,497
02/11/2022,135.30,26 792 800.00,133.37,136.17,133.30,498
02/14/2022,136.43,26 577 560.00,137.47,137.90,135.54,499
02/15/2022,137.49,25 609 660.00,136.43,137.95,134.82,500
02/16/2022,132.31,30 968 120.00,136.15,136.84,132.20,501
02/17/2022,130.47,31 858 600.00,133.04,133.82,130.31,502
02/18/2022,129.40,38 906 580.00,129.99,131.90,127.74,503
02/22/2022,127.59,26 431 280.00,131.08,131.75,127.50,504
02/23/2022,132.67,43 165 080.00,125.00,133.04,124.76,505
02/24/2022,134.52,26 235 860.00,133.53,135.39,131.77,506
02/25/2022,134.89,29 675 680.00,133.28,135.64,132.83,507
02/28/2022,134.17,24 639 920.00,134.48,136.11,133.38,508
03/01/2022,134.75,23 966 740.00,134.61,135.62,133.43,509
03/02/2022,134.31,19 779 300.00,135.98,136.71,133.43,510
03/03/2022,132.12,24 472 240.00,133.38,134.20,130.41,511
03/04/2022,126.46,39 177 900.00,131.90,131.90,126.41,512
03/07/2022,127.28,35 249 560.00,126.25,131.25,125.86,513
03/08/2022,133.87,32 257 440.00,131.40,134.20,130.09,514
03/09/2022,132.68,24 265 200.00,131.46,133.54,131.40,515
03/10/2022,130.48,26 599 800.00,134.00,134.20,130.30,516
03/11/2022,126.74,30 253 860.00,130.57,131.03,126.41,517
03/14/2022,129.66,30 292 600.00,127.74,130.52,126.57,518
03/15/2022,133.69,32 058 200.00,131.00,133.77,129.20,519
03/16/2022,134.60,23 994 380.00,133.32,134.74,132.72,520
03/17/2022,136.80,45 899 700.00,133.88,136.91,132.93,521
03/18/2022,136.48,26 632 460.00,136.85,137.58,134.61,522
03/21/2022,140.28,29 776 860.00,136.50,141.50,136.50,523
03/22/2022,138.50,25 302 320.00,139.14,140.03,138.17,524
03/23/2022,141.31,20 544 720.00,139.27,141.40,138.04,525
03/24/2022,141.52,19 289 080.00,141.75,141.96,139.70,526
03/25/2022,141.95,23 773 080.00,140.68,141.98,139.83,527
03/28/2022,143.25,28 678 420.00,143.16,144.16,142.48,528
03/29/2022,142.64,21 046 380.00,142.87,143.48,142.17,529
03/30/2022,139.65,29 516 320.00,142.45,142.64,139.62,530
03/31/2022,140.70,23 480 020.00,140.01,140.95,138.80,531
04/01/2022,143.64,19 084 900.00,140.82,144.04,140.82,532
04/04/2022,141.06,19 255 560.00,143.40,143.59,140.94,533
04/05/2022,137.18,23 574 600.00,139.16,139.85,136.42,534
04/06/2022,136.47,19 448 540.00,136.62,137.70,134.86,535
04/07/2022,134.01,16 434 480.00,136.25,136.25,133.75,536
04/08/2022,129.80,24 187 340.00,132.90,132.94,129.62,537
04/11/2022,128.37,23 003 220.00,132.42,132.42,127.58,538
04/12/2022,130.29,19 542 960.00,128.63,130.66,128.44,539
04/13/2022,127.25,23 483 360.00,130.65,130.71,127.11,540
04/14/2022,127.96,14 917 200.00,127.41,128.71,126.58,541
04/18/2022,130.53,22 719 300.00,128.08,130.90,127.45,542
04/19/2022,128.25,22 609 380.00,131.28,131.92,127.89,543
04/20/2022,124.94,30 157 540.00,129.35,130.31,124.65,544
04/21/2022,119.61,46 410 300.00,125.00,125.45,119.14,545
04/22/2022,123.25,34 521 800.00,119.43,123.28,118.77,546
04/25/2022,119.51,49 393 040.00,122.75,122.75,119.16,547
04/26/2022,115.02,62 238 120.00,114.37,117.50,113.12,548
04/27/2022,119.41,36 790 940.00,117.12,120.44,115.14,549
04/28/2022,114.97,33 693 100.00,117.58,118.96,114.69,550
04/29/2022,117.16,30 279 640.00,113.91,117.34,113.40,551
05/02/2022,118.13,21 215 740.00,116.77,119.30,116.63,552
05/03/2022,122.58,33 231 460.00,118.00,123.14,115.74,553
05/04/2022,116.75,43 089 040.00,120.22,121.23,115.18,554
05/05/2022,115.66,35 309 480.00,115.52,117.50,114.14,555
05/06/2022,113.08,34 520 960.00,113.30,115.56,112.55,556
05/09/2022,114.58,31 157 780.00,116.04,116.69,113.38,557
05/10/2022,113.96,36 501 640.00,113.71,116.67,113.65,558
05/11/2022,113.16,41 464 880.00,111.94,114.86,110.11,559
05/12/2022,116.52,29 737 560.00,114.85,118.09,114.00,560
05/13/2022,114.79,23 282 380.00,115.38,116.61,114.34,561
05/16/2022,116.70,21 576 080.00,117.23,117.23,115.34,562
05/17/2022,112.40,27 982 760.00,115.24,115.70,112.14,563
05/18/2022,110.75,29 191 740.00,111.84,113.59,110.47,564
05/19/2022,109.31,37 586 020.00,112.09,112.55,106.37,565
05/20/2022,111.67,31 558 220.00,110.10,112.01,109.15,566
05/23/2022,105.93,60 386 380.00,106.38,106.40,102.21,567
05/24/2022,105.84,37 899 340.00,105.14,106.54,104.21,568
05/25/2022,108.30,30 287 480.00,106.05,108.96,105.49,569
05/26/2022,112.80,29 924 420.00,109.79,112.87,109.55,570
05/27/2022,114.04,51 301 920.00,113.08,116.43,112.57,571
05/31/2022,114.14,28 629 280.00,114.93,117.40,113.55,572
06/01/2022,117.75,27 495 400.00,114.19,117.90,113.31,573
06/02/2022,114.56,24 952 080.00,115.99,116.36,113.67,574
06/03/2022,117.01,23 786 720.00,116.74,119.40,116.53,575
06/06/2022,117.23,26 413 540.00,115.65,117.75,115.13,576
06/07/2022,117.24,22 544 260.00,116.88,118.65,116.70,577
06/08/2022,114.92,23 141 600.00,116.34,118.35,114.87,578
06/09/2022,111.43,31 349 740.00,112.78,113.50,110.86,579
06/10/2022,106.88,36 756 200.00,107.45,109.22,106.59,580
06/13/2022,107.19,25 480 940.00,106.89,108.46,106.35,581
06/14/2022,110.39,33 192 020.00,108.90,112.06,108.12,582
06/15/2022,106.64,35 313 240.00,108.15,109.29,105.79,583
06/16/2022,107.87,43 516 660.00,106.54,109.25,105.63,584
06/17/2022,112.02,39 010 280.00,109.70,112.67,109.29,585
06/21/2022,112.03,23 921 720.00,111.16,113.77,110.72,586
06/22/2022,112.68,24 709 720.00,112.95,113.20,111.03,587
06/23/2022,118.54,39 122 760.00,113.60,118.64,113.60,588
06/24/2022,116.62,32 839 300.00,118.94,119.25,116.00,589
06/27/2022,112.57,28 316 220.00,116.35,117.86,112.44,590
06/28/2022,112.26,18 627 860.00,112.15,113.66,111.55,591
06/29/2022,109.37,38 046 040.00,110.50,111.33,107.31,592
06/30/2022,109.08,31 027 880.00,108.34,109.81,107.11,593
07/01/2022,113.89,36 429 380.00,107.51,114.05,106.25,594
07/05/2022,115.21,28 852 680.00,114.09,116.35,112.25,595
07/06/2022,119.31,32 183 940.00,116.01,119.86,115.53,596
07/07/2022,120.17,29 082 200.00,117.55,120.44,117.51,597
07/08/2022,116.52,26 830 460.00,118.65,118.79,116.23,598
07/11/2022,114.85,24 970 160.00,116.84,117.85,114.62,599
07/12/2022,112.19,38 958 860.00,112.64,115.16,111.82,600
07/13/2022,111.44,32 365 540.00,110.83,111.99,109.33,601
07/14/2022,112.77,34 330 760.00,112.96,114.00,111.82,602
07/15/2022,109.91,33 353 990.00,113.44,114.80,109.30,603
07/18/2022,114.62,30 992 330.00,111.73,114.81,110.50,604
07/19/2022,114.70,26 780 090.00,114.06,116.33,113.26,605
07/20/2022,115.04,27 267 850.00,115.09,115.21,111.91,606
07/21/2022,108.36,44 455 300.00,111.81,113.18,107.60,607
07/22/2022,108.21,28 289 940.00,108.88,110.58,107.01,608
07/25/2022,105.44,36 626 630.00,107.43,107.74,104.76,609
07/26/2022,113.60,41 474 620.00,109.60,114.40,108.42,610
07/27/2022,114.59,23 303 840.00,112.80,114.70,111.85,611
07/28/2022,116.64,31 336 180.00,113.40,116.90,113.23,612
07/29/2022,115.48,22 856 200.00,115.53,117.12,114.69,613
08/01/2022,115.90,17 911 040.00,114.43,117.08,114.26,614
08/02/2022,118.78,25 302 820.00,116.34,119.42,116.15,615
08/03/2022,118.87,15 757 700.00,118.30,119.50,117.71,616
08/04/2022,118.22,15 615 660.00,116.93,118.86,116.71,617
08/05/2022,118.14,17 061 110.00,119.12,120.86,117.83,618
08/08/2022,117.50,15 424 260.00,117.99,118.20,116.56,619
08/09/2022,120.65,20 497 020.00,119.59,121.78,119.36,620
08/10/2022,119.82,16 671 630.00,122.08,122.34,119.55,621
08/11/2022,122.65,16 121 090.00,121.16,122.65,120.40,622
08/12/2022,122.88,15 524 950.00,122.21,123.26,121.57,623
08/15/2022,122.51,15 626 170.00,122.32,123.23,121.54,624
08/16/2022,120.32,17 589 160.00,120.93,122.15,120.20,625
08/17/2022,120.86,15 652 030.00,120.23,121.69,119.55,626
08/18/2022,118.12,20 186 980.00,119.87,120.00,117.67,627
08/19/2022,115.07,19 316 020.00,116.10,116.50,114.67,628
08/22/2022,114.77,14 390 690.00,114.32,115.93,114.30,629
08/23/2022,114.70,16 051 170.00,114.45,115.72,113.78,630
08/24/2022,117.70,14 874 670.00,115.15,117.78,115.05,631
08/25/2022,111.30,31 698 670.00,115.81,116.60,111.22,632
08/26/2022,110.34,20 386 140.00,110.78,111.96,109.81,633
08/29/2022,109.91,20 548 200.00,111.03,111.37,108.80,634
08/30/2022,109.15,25 897 980.00,111.63,111.77,109.05,635
08/31/2022,110.55,22 784 390.00,109.20,111.22,108.19,636
09/01/2022,108.68,20 618 080.00,111.34,111.68,108.13,637
09/02/2022,107.48,20 565 050.00,108.14,108.88,106.51,638
09/06/2022,110.48,22 987 180.00,107.76,110.99,107.62,639
09/07/2022,109.42,21 660 650.00,109.18,110.58,108.06,640
09/08/2022,111.78,21 745 030.00,110.05,112.00,110.00,641
09/09/2022,111.87,19 732 910.00,111.99,112.64,110.93,642
09/12/2022,105.31,33 014 990.00,108.89,109.37,105.00,643
09/13/2022,105.87,22 115 810.00,105.44,106.10,104.50,644
09/14/2022,103.90,26 494 930.00,105.01,106.21,103.31,645
09/15/2022,103.63,64 540 120.00,102.97,104.03,101.86,646
09/16/2022,103.85,19 738 600.00,102.54,104.02,102.37,647
09/19/2022,101.83,24 001 670.00,102.88,103.17,101.12,648
09/20/2022,100.01,26 596 760.00,102.24,103.49,99.99,649
09/21/2022,100.57,21 272 680.00,99.45,101.68,99.41,650
09/22/2022,99.17,25 656 960.00,100.06,100.11,98.01,651
09/23/2022,98.81,22 437 940.00,98.61,100.44,98.38,652
09/26/2022,98.09,24 224 990.00,99.91,100.46,97.34,653
09/27/2022,100.74,24 617 000.00,98.02,101.40,97.80,654
09/28/2022,98.09,21 921 520.00,99.30,99.30,96.52,655
09/29/2022,96.15,26 277 830.00,97.73,99.49,96.03,656
09/30/2022,99.30,24 840 030.00,97.22,99.97,97.02,657
10/03/2022,102.41,22 580 930.00,101.04,102.72,101.04,658
10/04/2022,102.22,18 475 520.00,100.69,102.74,99.74,659
10/05/2022,102.24,17 156 240.00,101.50,103.73,101.50,660
10/06/2022,99.57,24 249 910.00,100.65,101.42,99.21,661
10/07/2022,98.71,16 529 900.00,99.85,99.99,97.87,662
10/10/2022,98.05,21 617 730.00,98.25,100.12,97.25,663
10/11/2022,98.30,17 343 430.00,98.27,99.65,97.67,664
10/12/2022,99.71,32 812 220.00,95.93,100.53,95.27,665
10/13/2022,97.18,22 624 830.00,100.63,101.29,97.03,666
10/14/2022,100.78,23 311 600.00,99.52,101.77,99.51,667
10/17/2022,101.39,21 610 540.00,103.94,104.22,100.65,668
10/18/2022,100.29,21 573 690.00,100.70,101.66,99.64,669
10/19/2022,100.53,25 125 080.00,100.82,103.00,99.97,670
10/20/2022,101.48,28 988 730.00,98.46,101.62,98.23,671
10/21/2022,102.97,24 680 830.00,102.09,103.10,100.30,672
10/24/2022,104.93,29 910 170.00,103.30,105.10,103.02,673
10/25/2022,94.82,71 671 810.00,96.76,98.54,94.57,674
10/26/2022,92.60,54 036 490.00,94.31,95.17,91.90,675
10/27/2022,96.58,35 696 930.00,92.53,96.86,92.32,676
10/28/2022,94.66,29 868 710.00,95.78,96.35,94.38,677
10/31/2022,90.50,43 220 600.00,95.59,96.17,90.43,678
11/01/2022,87.07,43 553 550.00,90.91,91.30,87.01,679
11/02/2022,83.49,48 510 360.00,86.35,86.55,83.45,680
11/03/2022,86.70,40 173 280.00,85.51,86.73,83.88,681
11/04/2022,88.65,26 899 880.00,87.34,88.94,86.96,682
11/07/2022,88.91,30 172 000.00,89.16,90.41,87.65,683
11/08/2022,87.40,26 743 880.00,88.55,89.49,87.36,684
11/09/2022,94.17,42 371 220.00,92.34,94.55,91.65,685
11/10/2022,96.73,30 569 110.00,94.71,97.36,94.16,686
11/11/2022,96.03,24 170 080.00,95.50,97.18,95.11,687
11/14/2022,98.72,31 830 970.00,98.67,100.42,97.02,688
11/15/2022,98.99,24 660 200.00,98.02,99.85,97.90,689
11/16/2022,98.50,21 818 730.00,97.18,99.48,97.10,690
11/17/2022,97.80,24 969 880.00,99.01,99.16,96.74,691
11/18/2022,95.83,18 696 870.00,97.56,98.72,95.67,692
11/21/2022,97.33,18 868 850.00,96.16,97.55,94.41,693
11/22/2022,98.82,17 568 860.00,97.34,99.07,97.34,694
11/23/2022,97.60,8 567 819.00,98.47,98.94,97.53,695
11/25/2022,96.25,19 981 970.00,97.20,97.83,95.89,696
11/28/2022,95.44,20 220 010.00,96.00,96.39,94.39,697
11/29/2022,101.45,39 888 070.00,95.12,101.45,94.67,698
11/30/2022,101.28,21 771 540.00,101.40,102.59,100.67,699
12/01/2022,100.83,18 821 530.00,99.37,101.15,99.17,700
12/02/2022,99.87,19 955 550.00,99.82,101.75,99.36,701
12/05/2022,97.31,20 877 620.00,99.67,100.21,96.76,702
12/06/2022,95.15,26 647 880.00,96.77,97.31,95.03,703
12/07/2022,93.95,25 593 230.00,95.69,95.87,93.80,704
12/08/2022,93.07,21 885 310.00,93.90,94.49,93.02,705
12/09/2022,93.56,27 380 950.00,93.09,93.87,91.90,706
12/12/2022,95.85,34 788 520.00,98.07,99.80,95.38,707
12/13/2022,95.31,26 452 940.00,95.54,97.22,93.94,708
12/14/2022,91.20,28 298 760.00,93.54,94.03,90.43,709
12/15/2022,90.86,48 485 510.00,91.20,91.75,90.01,710
12/16/2022,89.15,23 020 540.00,90.88,91.20,88.93,711
12/19/2022,89.63,21 976 850.00,88.73,89.78,88.04,712
12/20/2022,90.25,20 336 390.00,89.73,90.92,88.91,713
12/21/2022,88.26,23 656 070.00,88.93,89.18,86.94,714
12/22/2022,89.81,17 815 010.00,87.62,90.10,87.62,715
12/23/2022,87.93,15 470 870.00,89.31,89.50,87.54,716
12/27/2022,86.46,17 879 570.00,87.50,88.52,86.37,717
12/28/2022,88.95,18 280 660.00,87.03,89.37,86.99,718
12/29/2022,88.73,19 190 300.00,87.37,88.83,87.03,719
12/30/2022,89.70,20 738 460.00,89.83,91.55,89.02,720
01/03/2023,88.71,27 046 480.00,91.01,91.24,87.80,721
01/04/2023,86.77,23 136 080.00,88.07,88.21,86.56,722
01/05/2023,88.16,26 612 630.00,87.36,88.47,85.57,723
01/06/2023,88.80,22 996 680.00,89.20,90.83,88.58,724
01/09/2023,89.24,22 855 590.00,86.72,89.48,86.70,725
01/10/2023,92.26,25 998 840.00,90.06,92.45,89.74,726
01/11/2023,91.91,22 754 220.00,92.40,92.62,90.57,727
01/12/2023,92.80,18 630 710.00,91.53,92.98,90.93,728
01/13/2023,92.16,22 935 820.00,92.78,92.97,90.84,729
01/17/2023,91.78,19 641 620.00,92.94,93.59,91.40,730
01/18/2023,93.91,28 707 650.00,91.39,94.40,91.38,731
01/19/2023,99.28,53 704 760.00,95.95,99.42,95.91,732
01/20/2023,101.21,31 791 780.00,99.13,101.40,98.75,733
01/23/2023,99.21,27 391 370.00,99.55,101.09,98.70,734
01/24/2023,96.73,31 000 850.00,97.20,97.72,95.26,735
01/25/2023,99.16,24 542 060.00,98.28,99.21,96.82,736
01/26/2023,100.71,29 020 350.00,99.05,101.58,98.97,737
01/27/2023,97.95,24 365 140.00,98.75,99.41,97.52,738
01/30/2023,99.87,22 306 780.00,97.86,99.91,97.79,739
01/31/2023,101.43,26 392 570.00,99.74,102.19,98.42,740
02/01/2023,108.80,46 622 630.00,106.79,108.82,106.54,741
02/02/2023,105.22,36 823 420.00,103.51,108.02,103.30,742
02/03/2023,103.47,25 573 050.00,102.69,104.70,102.21,743
02/06/2023,108.04,33 738 830.00,103.63,108.67,103.55,744
02/07/2023,100.00,73 546 030.00,102.69,103.58,98.46,745
02/08/2023,95.46,97 798 570.00,100.54,100.61,93.86,746
02/09/2023,94.86,49 325 280.00,95.74,97.02,94.53,747
02/10/2023,95.00,43 116 560.00,95.01,95.35,94.05,748
02/13/2023,94.95,42 513 080.00,94.66,95.18,92.65,749
02/14/2023,97.10,37 029 890.00,94.74,97.34,94.36,750
02/15/2023,95.78,35 642 110.00,95.54,97.88,94.97,751
02/16/2023,94.59,31 095 070.00,95.07,95.75,93.45,752
02/17/2023,92.05,28 367 200.00,93.24,93.41,92.00,753
02/21/2023,91.80,29 891 140.00,91.93,92.36,90.87,754
02/22/2023,91.07,32 423 720.00,92.13,92.13,90.01,755
02/23/2023,89.35,31 295 620.00,89.63,90.13,88.86,756
02/24/2023,90.10,22 724 260.00,90.09,90.45,89.61,757
02/27/2023,90.30,30 546 910.00,89.54,91.45,89.52,758
02/28/2023,90.51,26 323 880.00,90.16,91.20,89.85,759
03/01/2023,92.31,23 344 560.00,89.86,92.48,89.77,760
03/02/2023,94.02,30 242 540.00,92.74,94.11,92.66,761
03/03/2023,95.58,28 288 210.00,94.36,96.30,94.30,762
03/06/2023,94.17,24 101 540.00,95.42,96.09,93.84,763
03/07/2023,94.65,25 395 200.00,94.41,96.24,94.41,764
03/08/2023,92.66,24 438 890.00,94.49,95.92,92.36,765
03/09/2023,91.01,32 850 090.00,92.50,93.18,90.80,766
03/10/2023,91.66,31 508 570.00,90.57,93.08,89.94,767
03/13/2023,94.25,32 303 880.00,93.07,94.83,92.78,768
03/14/2023,96.55,38 367 330.00,93.54,97.25,93.04,769
03/15/2023,101.07,54 588 200.00,96.57,101.97,95.87,770
03/16/2023,102.46,76 140 310.00,100.84,103.49,100.75,771
03/17/2023,101.93,26 033 920.00,101.06,102.58,100.79,772
03/20/2023,105.84,33 122 800.00,101.98,105.96,101.86,773
03/21/2023,104.22,32 336 880.00,105.14,107.51,104.21,774
03/22/2023,106.26,31 385 820.00,105.89,107.10,105.41,775
03/23/2023,106.06,25 245 010.00,105.74,106.16,104.74,776
03/24/2023,103.06,25 393 420.00,105.32,105.40,102.63,777
03/27/2023,101.36,24 913 480.00,103.00,103.00,100.28,778
03/28/2023,101.90,26 148 300.00,102.72,102.82,101.03,779
03/29/2023,101.32,25 009 830.00,101.44,101.61,100.29,780
03/30/2023,104.00,28 107 950.00,101.71,104.19,101.44,781
03/31/2023,104.91,20 719 860.00,102.67,104.95,102.38,782
04/03/2023,105.12,20 377 230.00,104.84,106.10,104.60,783
04/04/2023,104.95,21 864 200.00,106.12,106.54,104.10,784
04/05/2023,108.90,34 684 150.00,105.77,109.63,104.82,785
04/06/2023,106.95,19 741 520.00,107.39,107.97,105.60,786
04/10/2023,106.12,18 721 280.00,106.92,107.22,105.28,787
04/11/2023,105.22,22 761 570.00,107.39,107.59,104.97,788
04/12/2023,108.19,21 650 750.00,106.47,108.27,106.44,789
04/13/2023,109.46,20 758 690.00,107.69,109.58,107.59,790
04/14/2023,106.42,29 043 440.00,105.43,106.71,105.32,791
04/17/2023,105.12,17 641 370.00,107.00,107.05,104.78,792
04/18/2023,105.02,16 732 020.00,104.22,105.73,103.80,793
04/19/2023,105.90,22 515 330.00,104.65,106.89,104.64,794
04/20/2023,105.91,22 379 020.00,106.09,106.64,105.49,795
04/21/2023,106.78,21 410 910.00,106.05,107.32,105.36,796
04/24/2023,104.61,31 408 120.00,106.61,107.44,104.56,797
04/25/2023,104.45,37 068 170.00,105.56,107.02,103.27,798
04/26/2023,108.37,38 235 220.00,105.23,109.15,104.42,799
04/27/2023,108.22,23 957 870.00,107.80,108.29,106.04,800
04/28/2023,107.71,20 926 260.00,107.72,108.68,107.50,801
05/01/2023,105.98,20 343 120.00,107.66,107.73,104.50,802
05/02/2023,106.12,17 116 330.00,106.22,108.13,105.62,803
05/03/2023,105.21,19 780 640.00,106.16,106.30,104.70,804
05/04/2023,106.22,20 710 630.00,105.32,106.44,104.74,805
05/05/2023,108.24,17 266 020.00,105.80,108.42,105.79,806
05/08/2023,107.94,24 782 440.00,108.78,110.60,107.73,807
05/09/2023,112.28,47 533 460.00,108.55,113.51,108.48,808
05/10/2023,116.90,57 115 080.00,115.86,118.44,114.93,809
05/11/2023,117.92,31 293 780.00,117.00,118.26,116.55,810
05/12/2023,116.96,22 107 870.00,116.49,118.80,116.48,811
05/15/2023,120.09,32 370 110.00,116.83,121.20,116.83,812
05/16/2023,121.48,26 659 560.00,120.18,122.28,119.46,813
05/17/2023,123.52,27 014 470.00,121.56,123.90,121.49,814
05/18/2023,123.25,30 268 860.00,124.20,126.48,122.72,815
05/19/2023,125.87,29 760 240.00,123.51,127.05,123.45,816
05/22/2023,123.29,24 477 950.00,124.93,125.42,123.05,817
05/23/2023,121.64,23 087 930.00,121.88,122.75,120.75,818
05/24/2023,124.35,33 812 730.00,125.21,125.98,122.90,819
05/25/2023,125.43,25 169 040.00,124.07,126.00,123.29,820
05/26/2023,124.64,27 230 730.00,126.29,126.38,122.89,821
05/30/2023,123.37,41 548 760.00,123.70,124.90,123.10,822
05/31/2023,124.37,25 017 670.00,123.50,125.04,123.30,823
06/01/2023,125.23,19 367 450.00,124.49,126.75,124.35,824
06/02/2023,126.63,22 672 520.00,124.61,127.99,124.38,825
06/05/2023,127.91,19 450 130.00,126.60,128.88,125.97,826
06/06/2023,122.94,34 179 350.00,127.58,129.55,122.63,827
06/07/2023,122.67,24 815 000.00,122.59,123.73,122.01,828
06/08/2023,122.87,20 313 680.00,122.56,124.29,122.42,829
06/09/2023,124.35,22 289 630.00,123.40,124.75,122.35,830
06/12/2023,124.43,19 287 650.00,125.65,125.86,123.85,831
06/13/2023,124.38,24 659 620.00,123.80,124.79,122.16,832
06/14/2023,125.79,24 517 070.00,123.88,126.16,123.14,833
06/15/2023,124.06,56 699 200.00,126.70,126.70,123.79,834
06/16/2023,123.85,22 698 030.00,123.54,125.18,122.83,835
06/20/2023,121.26,22 612 000.00,123.24,123.41,120.86,836
06/21/2023,123.87,20 781 890.00,120.66,123.94,119.60,837
06/22/2023,123.02,29 573 120.00,122.04,123.44,121.86,838
06/23/2023,119.09,23 184 960.00,121.47,122.72,118.99,839
06/26/2023,119.01,27 221 710.00,117.84,119.90,116.91,840
06/27/2023,121.08,19 753 150.00,117.96,121.27,117.60,841
06/28/2023,120.01,18 517 460.00,120.09,120.91,119.21,842
06/29/2023,120.97,23 871 760.00,121.10,122.03,120.88,843
06/30/2023,120.56,13 871 720.00,120.32,121.02,119.71,844
07/03/2023,122.63,17 830 350.00,120.06,123.37,120.06,845
07/05/2023,120.93,17 750 180.00,120.64,121.15,119.25,846
07/06/2023,120.14,20 997 670.00,120.89,121.75,120.09,847
07/07/2023,116.87,32 960 080.00,119.07,119.07,116.64,848
07/10/2023,117.71,18 286 570.00,116.76,118.23,115.83,849
07/11/2023,119.62,22 059 610.00,119.30,120.96,119.00,850
07/12/2023,124.83,31 535 850.00,121.54,125.34,121.06,851
07/13/2023,125.70,20 499 780.00,125.13,127.09,124.90,852
07/14/2023,125.06,20 675 300.00,126.06,127.28,124.50,853
07/17/2023,124.08,21 071 250.00,124.91,124.99,123.30,854
07/18/2023,122.78,22 313 800.00,124.79,125.47,122.47,855
07/19/2023,119.53,27 541 710.00,122.12,124.70,118.69,856
07/20/2023,120.31,56 514 650.00,120.87,121.30,119.07,857
07/21/2023,121.88,22 312 220.00,121.93,123.35,121.38,858
07/24/2023,122.79,31 820 850.00,121.88,123.69,121.53,859
07/25/2023,129.66,46 216 900.00,130.36,131.37,128.71,860
07/26/2023,129.87,35 931 610.00,131.80,133.60,129.18,861
07/27/2023,133.01,26 971 010.00,130.97,134.07,130.92,862
07/28/2023,133.11,18 381 890.00,133.01,133.83,132.13,863
07/31/2023,131.89,22 219 010.00,130.86,132.92,130.75,864
08/01/2023,128.64,22 705 780.00,129.84,130.42,127.85,865
08/02/2023,128.77,15 086 130.00,128.37,129.77,127.78,866
08/03/2023,128.54,20 521 850.00,129.60,131.93,128.32,867
08/04/2023,131.94,17 621 040.00,129.51,132.06,129.43,868
08/07/2023,131.84,16 835 950.00,130.98,131.94,130.13,869
08/08/2023,130.15,17 745 220.00,132.19,132.47,129.51,870
08/09/2023,130.21,17 855 680.00,131.97,132.65,130.04,871
08/10/2023,130.17,15 205 470.00,129.20,130.44,128.75,872
08/11/2023,131.83,17 526 200.00,129.85,131.91,129.59,873
08/14/2023,130.27,14 769 170.00,131.59,131.99,129.82,874
08/15/2023,129.11,17 548 360.00,129.28,130.90,128.46,875
08/16/2023,130.46,23 665 560.00,130.45,132.49,129.85,876
08/17/2023,128.11,23 627 200.00,129.06,129.83,127.00,877
08/18/2023,128.93,21 851 070.00,127.85,129.26,127.16,878
08/21/2023,129.69,15 569 370.00,129.13,130.95,128.93,879
08/22/2023,133.21,26 497 030.00,130.85,134.07,130.51,880
08/23/2023,130.42,18 680 380.00,134.73,134.97,130.30,881
08/24/2023,130.69,20 678 100.00,130.14,131.40,128.04,882
08/25/2023,131.79,16 715 470.00,132.08,133.24,130.85,883
08/28/2023,135.49,30 803 270.00,133.00,137.30,132.98,884
08/29/2023,136.93,21 773 360.00,135.57,137.25,135.02,885
08/30/2023,137.35,28 147 850.00,137.05,138.40,136.82,886
08/31/2023,136.80,16 671 650.00,138.43,138.58,135.94,887
09/01/2023,136.71,17 730 220.00,136.44,137.37,135.56,888
09/05/2023,135.37,15 814 330.00,137.02,137.48,134.69,889
09/06/2023,136.20,16 975 960.00,134.60,136.58,133.96,890
09/07/2023,137.20,17 820 010.00,135.87,137.52,135.87,891
09/08/2023,137.74,17 180 760.00,137.38,138.26,136.55,892
09/11/2023,136.07,15 212 930.00,137.13,137.64,135.93,893
09/12/2023,137.50,16 394 920.00,135.90,137.70,134.93,894
09/13/2023,138.99,19 064 610.00,138.39,139.55,137.06,895
09/14/2023,138.30,48 958 840.00,138.80,139.36,137.18,896
09/15/2023,138.96,16 233 590.00,137.63,139.93,137.63,897
09/18/2023,138.83,15 484 640.00,138.25,139.18,137.50,898
09/19/2023,134.59,21 473 530.00,138.83,138.84,134.52,899
09/20/2023,131.36,22 058 380.00,132.39,133.19,131.09,900
09/21/2023,131.25,17 355 280.00,131.68,133.01,130.51,901
09/22/2023,132.17,14 650 030.00,130.77,132.22,130.03,902
09/25/2023,129.45,20 378 790.00,130.91,131.41,128.19,903
09/26/2023,131.46,18 764 200.00,129.44,131.72,129.38,904
09/27/2023,133.13,18 201 390.00,130.69,134.18,130.69,905
09/28/2023,131.85,23 237 340.00,134.08,134.89,131.32,906
09/29/2023,135.17,19 210 390.00,132.16,135.36,132.07,907
10/02/2023,133.30,19 628 740.00,134.93,135.24,132.82,908
10/03/2023,136.27,22 847 990.00,133.66,136.57,133.43,909
10/04/2023,135.99,15 922 940.00,136.13,136.50,134.46,910
10/05/2023,138.73,20 826 680.00,134.94,139.19,134.94,911
10/06/2023,139.50,16 599 100.00,137.99,139.97,136.70,912
10/09/2023,139.20,19 554 920.00,139.51,140.74,138.43,913
10/10/2023,141.70,20 146 340.00,139.85,142.22,139.84,914
10/11/2023,140.29,18 173 110.00,142.16,142.38,139.45,915
10/12/2023,138.58,19 447 570.00,140.65,141.34,137.97,916
10/13/2023,140.49,17 345 560.00,139.73,140.91,139.32,917
10/16/2023,140.99,17 424 020.00,140.03,141.25,138.53,918
10/17/2023,139.28,18 304 870.00,140.75,141.99,138.71,919
10/18/2023,138.98,21 831 180.00,139.80,141.01,138.60,920
10/19/2023,136.74,24 970 260.00,138.59,139.04,136.25,921
10/20/2023,137.90,20 780 670.00,136.23,139.02,135.11,922
10/23/2023,140.12,26 535 200.00,139.16,140.71,138.75,923
10/24/2023,126.67,58 796 070.00,129.77,130.10,126.09,924
10/25/2023,123.44,33 907 360.00,124.47,125.46,122.32,925
10/26/2023,123.40,37 367 670.00,124.03,124.44,121.46,926
10/27/2023,125.75,24 165 630.00,124.46,126.55,123.88,927
10/30/2023,125.30,21 123 420.00,126.27,126.56,123.93,928
10/31/2023,127.57,26 536 600.00,125.34,127.74,124.93,929
11/01/2023,128.58,24 091 670.00,129.56,130.09,128.11,930
11/02/2023,130.37,19 529 450.00,129.09,130.73,129.01,931
11/03/2023,131.45,15 360 360.00,130.22,131.56,129.93,932
11/06/2023,132.40,19 223 790.00,131.98,133.28,131.14,933
11/07/2023,133.26,15 093 600.00,132.36,133.54,132.16,934
11/08/2023,131.69,17 976 530.00,133.36,133.96,131.51,935
11/09/2023,134.06,20 879 840.00,131.53,134.27,130.87,936
11/10/2023,133.64,16 409 860.00,133.36,134.11,132.77,937
11/13/2023,135.43,22 317 350.00,135.65,137.24,135.10,938
11/14/2023,136.38,15 840 880.00,136.64,136.84,135.33,939
11/15/2023,138.70,17 615 070.00,136.96,138.88,136.08,940
11/16/2023,136.94,25 590 190.00,137.82,138.00,135.48,941
11/17/2023,137.92,19 589 010.00,135.50,138.43,135.49,942
11/20/2023,138.62,17 648 070.00,137.94,138.97,137.71,943
11/21/2023,140.02,17 310 210.00,139.10,141.10,139.00,944
11/22/2023,138.22,8 828 640.00,139.54,139.68,137.47,945
11/24/2023,138.05,17 886 390.00,137.57,139.63,137.54,946
11/27/2023,138.62,17 046 870.00,137.63,138.66,137.04,947
11/28/2023,136.40,21 014 720.00,138.99,139.67,136.30,948
11/29/2023,133.92,29 913 530.00,136.40,136.96,132.79,949
11/30/2023,133.32,24 267 990.00,133.32,133.50,132.15,950
12/01/2023,130.63,24 117 080.00,131.29,131.45,129.40,951
12/04/2023,132.39,19 235 150.00,130.37,133.54,129.73,952
12/05/2023,131.43,16 360 650.00,132.90,133.31,131.31,953
12/06/2023,138.45,38 419 430.00,136.60,140.00,136.23,954
12/07/2023,136.64,23 016 140.00,135.66,137.99,135.57,955
12/08/2023,134.70,24 502 860.00,133.82,134.79,132.89,956
12/11/2023,133.64,26 583 980.00,133.27,134.54,132.83,957
12/12/2023,133.97,25 414 460.00,134.55,134.78,132.95,958
12/13/2023,133.20,29 619 100.00,134.77,135.04,131.06,959
12/14/2023,133.84,58 594 000.00,132.92,134.83,132.63,960
12/15/2023,137.19,25 699 770.00,133.86,138.38,133.77,961
12/18/2023,138.10,20 661 000.00,138.00,138.77,137.45,962
12/19/2023,139.66,33 507 340.00,140.33,143.08,139.41,963
12/20/2023,141.80,18 101 480.00,140.77,142.03,140.47,964
12/21/2023,142.72,18 513 520.00,142.13,143.25,142.06,965
12/22/2023,142.82,11 170 070.00,142.98,143.95,142.50,966
12/26/2023,141.44,17 288 360.00,142.83,143.32,141.05,967
12/27/2023,141.28,12 192 550.00,141.85,142.27,140.83,968
12/28/2023,140.93,14 880 960.00,140.68,141.44,139.90,969
12/29/2023,139.56,20 071 890.00,139.60,140.61,137.74,970
01/02/2024,140.36,18 974 310.00,138.60,141.09,138.43,971
01/03/2024,138.04,18 253 330.00,139.85,140.64,138.01,972
01/04/2024,137.39,15 439 480.00,138.35,138.81,136.85,973
01/05/2024,140.53,17 645 290.00,138.00,140.64,137.88,974
01/08/2024,142.56,19 579 670.00,140.06,142.80,139.79,975
01/09/2024,143.80,16 641 880.00,142.52,144.53,142.46,976
01/10/2024,143.67,17 471 130.00,144.90,146.66,142.22,977
01/11/2024,144.24,13 998 730.00,144.34,144.74,143.36,978
01/12/2024,144.08,19 198 940.00,143.43,145.84,143.06,979
01/16/2024,142.89,17 884 550.00,142.91,143.41,140.51,980
01/17/2024,144.99,18 876 800.00,143.44,145.59,143.35,981
01/18/2024,147.97,27 181 030.00,146.31,148.04,145.80,982
01/19/2024,147.71,21 829 230.00,148.71,150.02,147.58,983
01/22/2024,148.68,14 113 650.00,147.72,148.86,147.19,984
01/23/2024,150.35,19 245 030.00,150.29,151.57,149.84,985
01/24/2024,153.64,21 495 120.00,151.74,154.76,151.22,986
01/25/2024,153.79,19 494 490.00,152.87,154.11,152.80,987
01/26/2024,154.84,20 909 260.00,153.64,155.20,152.92,988
01/29/2024,153.05,26 578 930.00,154.01,155.04,152.78,989
01/30/2024,141.80,43 908 580.00,145.39,145.59,141.55,990
01/31/2024,142.71,25 526 860.00,143.69,144.62,142.26,991
02/01/2024,143.54,42 136 130.00,140.89,143.88,138.17,992
02/02/2024,144.93,29 254 440.00,144.04,146.67,143.91,993
02/05/2024,145.41,21 517 660.00,145.96,146.74,144.52,994
02/06/2024,146.68,21 436 130.00,146.12,147.00,145.21,995
02/07/2024,147.22,18 241 320.00,146.97,147.61,146.42,996
02/08/2024,150.22,21 877 690.00,147.95,150.70,147.43,997
02/09/2024,148.73,17 236 110.00,149.54,150.59,148.56,998
02/12/2024,146.37,18 138 480.00,146.07,148.04,145.11,999
02/13/2024,147.14,16 651 820.00,147.37,147.83,145.56,1000
02/14/2024,143.94,26 724 310.00,144.46,144.76,141.88,1001
02/15/2024,141.76,21 865 120.00,144.21,144.48,141.52,1002
02/16/2024,142.20,18 625 590.00,140.94,143.33,140.80,1003
02/20/2024,143.84,16 499 580.00,142.64,143.98,141.91,1004
02/21/2024,145.32,23 024 710.00,146.12,146.20,144.01,1005
02/22/2024,145.29,14 519 430.00,144.97,145.96,144.79,1006
02/23/2024,138.75,33 513 010.00,143.45,143.84,138.74,1007
02/26/2024,140.10,22 363 980.00,139.41,140.49,138.50,1008
02/27/2024,137.43,30 628 700.00,139.10,139.28,136.64,1009
02/28/2024,139.78,35 485 010.00,138.35,139.95,137.57,1010
02/29/2024,138.08,28 551 530.00,139.61,140.00,137.98,1011
03/01/2024,134.20,43 571 510.00,136.54,136.63,132.86,1012
03/04/2024,133.78,28 447 550.00,132.74,134.02,131.55,1013
03/05/2024,132.56,23 175 200.00,134.24,134.74,131.95,1014
03/06/2024,135.24,24 107 280.00,133.89,135.82,132.66,1015
03/07/2024,136.29,26 495 160.00,135.04,138.99,134.80,1016
03/08/2024,138.94,22 536 370.00,137.07,139.98,137.07,1017
03/11/2024,139.62,19 019 700.00,138.25,140.28,138.21,1018
03/12/2024,140.77,19 637 000.00,140.06,142.19,140.01,1019
03/13/2024,144.34,36 117 910.00,142.30,144.73,141.49,1020
03/14/2024,142.17,41 039 490.00,143.41,144.34,141.13,1021
03/15/2024,148.48,47 676 690.00,149.37,152.93,148.14,1022
03/18/2024,147.92,17 748 370.00,148.98,149.62,147.01,1023
03/19/2024,149.68,17 730 000.00,148.79,149.76,147.67,1024
03/20/2024,148.74,19 843 920.00,150.32,151.31,148.01,1025
03/21/2024,151.77,19 252 930.00,150.24,152.56,150.09,1026
03/22/2024,151.15,15 114 730.00,150.95,151.46,148.80,1027
03/25/2024,151.70,19 312 690.00,151.24,153.20,151.03,1028
03/26/2024,151.94,16 621 960.00,152.15,152.69,150.13,1029
03/27/2024,152.26,21 105 630.00,152.00,152.67,151.33,1030
03/28/2024,156.50,24 469 820.00,151.83,157.00,151.65,1031
04/01/2024,155.87,17 598 060.00,154.75,155.99,153.46,1032
04/02/2024,156.37,17 266 180.00,154.92,156.55,154.13,1033
04/03/2024,151.94,24 184 840.00,155.08,156.18,151.88,1034
04/04/2024,153.94,16 297 320.00,151.68,154.84,151.08,1035
04/05/2024,156.14,16 641 530.00,154.02,156.66,153.99,1036
04/08/2024,158.14,21 538 140.00,157.35,159.89,156.64,1037
04/09/2024,157.66,16 339 170.00,157.88,158.16,156.20,1038
04/10/2024,160.79,17 841 700.00,158.34,161.12,157.93,1039
04/11/2024,159.19,16 989 770.00,159.41,161.70,158.60,1040
04/12/2024,156.33,21 140 950.00,160.28,160.83,156.15,1041
04/15/2024,156.00,15 413 200.00,155.64,157.23,155.05,1042
04/16/2024,156.88,16 237 750.00,157.19,158.68,156.14,1043
04/17/2024,157.46,14 016 070.00,156.93,158.49,156.21,1044
04/18/2024,155.72,21 479 880.00,157.75,157.99,153.91,1045
04/19/2024,157.95,17 243 870.00,156.01,159.19,155.66,1046
04/22/2024,159.92,16 115 410.00,158.59,160.48,157.97,1047
04/23/2024,161.10,19 485 690.00,159.09,161.39,158.82,1048
04/24/2024,157.95,36 197 790.00,153.36,158.28,152.77,1049
04/25/2024,173.69,56 500 790.00,175.99,176.42,171.40,1050
04/26/2024,167.90,35 914 560.00,170.77,171.38,167.06,1051
04/29/2024,164.64,29 420 760.00,167.38,169.87,164.50,1052
04/30/2024,165.57,25 223 250.00,166.18,168.81,164.90,1053
05/01/2024,168.46,17 041 120.00,166.67,168.53,165.69,1054
05/02/2024,168.99,22 767 060.00,169.54,169.85,164.98,1055
05/03/2024,169.83,15 147 910.00,169.22,169.90,167.89,1056
05/06/2024,172.98,21 102 430.00,170.12,173.47,170.00,1057
05/07/2024,171.16,14 569 860.00,170.75,171.91,170.52,1058
05/08/2024,171.58,11 937 700.00,171.15,172.44,169.93,1059
05/09/2024,170.29,18 740 460.00,169.69,171.34,167.91,1060
05/10/2024,170.90,19 648 590.00,165.85,170.95,165.76,1061
05/13/2024,171.93,18 729 460.00,171.59,172.78,170.42,1062
05/14/2024,173.88,20 958 250.00,172.30,174.05,172.03,1063
05/15/2024,175.43,17 247 310.00,174.60,176.34,174.05,1064
05/16/2024,177.29,16 546 350.00,175.55,177.50,174.98,1065
05/17/2024,178.46,17 495 120.00,177.31,179.95,177.23,1066
05/20/2024,179.54,14 706 020.00,178.40,179.82,177.31,1067
05/21/2024,178.00,16 189 400.00,178.40,178.85,176.78,1068
05/22/2024,175.06,14 928 360.00,178.78,179.91,174.54,1069
05/23/2024,176.33,11 403 560.00,176.52,177.30,175.20,1070
05/24/2024,178.02,15 655 340.00,175.74,178.51,175.68,1071
05/28/2024,177.40,15 023 850.00,176.81,178.23,176.26,1072
05/29/2024,173.56,18 844 040.00,176.69,176.69,173.23,1073
05/30/2024,173.96,28 085 150.00,173.40,174.42,170.97,1074
05/31/2024,174.42,20 742 800.00,173.88,175.86,172.45,1075
06/03/2024,175.13,14 066 600.00,174.45,175.19,173.22,1076
06/04/2024,177.07,15 233 860.00,176.54,177.97,175.29,1077
06/05/2024,178.35,14 255 820.00,177.43,178.71,177.21,1078
06/06/2024,175.95,14 716 270.00,178.46,179.42,175.79,1079
06/07/2024,176.63,17 122 250.00,176.45,178.47,174.38,1080
06/10/2024,178.19,14 402 400.00,177.72,178.39,175.44,1081
06/11/2024,179.56,18 600 420.00,179.75,182.08,177.78,1082
06/12/2024,176.74,15 956 940.00,177.84,178.51,176.66,1083
06/13/2024,178.37,12 361 570.00,175.85,178.73,175.85,1084
06/14/2024,178.78,15 272 860.00,176.98,179.92,176.49,1085
06/17/2024,176.45,15 640 260.00,178.79,178.91,175.62,1086
06/18/2024,177.71,16 753 170.00,176.71,178.74,176.46,1087
06/20/2024,180.26,59 728 020.00,178.49,182.51,178.06,1088
06/21/2024,180.79,18 198 280.00,181.28,182.08,180.23,1089
06/24/2024,185.58,18 917 730.00,181.15,185.75,181.11,1090
06/25/2024,185.37,13 375 720.00,184.20,185.93,183.99,1091
06/26/2024,186.86,13 025 660.00,185.65,187.50,185.45,1092
06/27/2024,183.42,23 032 360.00,185.72,186.58,183.33,1093
06/28/2024,184.49,11 815 860.00,184.48,185.34,182.73,1094
07/01/2024,186.61,12 555 550.00,183.47,186.95,183.06,1095
07/02/2024,187.39,7 409 106.00,186.30,187.62,185.39,1096
07/03/2024,191.96,14 303 360.00,187.32,192.26,187.32,1097
07/05/2024,190.48,12 097 610.00,191.37,191.68,189.32,1098
07/08/2024,190.44,10 224 930.00,191.75,192.86,190.23,1099
07/09/2024,192.66,12 052 910.00,190.75,193.31,190.62,1100
07/10/2024,187.30,16 451 980.00,191.34,192.41,186.82,1101
07/11/2024,186.78,14 449 110.00,186.92,188.69,186.14,1102
07/12/2024,188.19,12 186 020.00,186.49,189.90,186.49,1103
07/15/2024,185.50,12 760 100.00,188.96,190.34,185.12,1104
07/16/2024,182.62,17 376 560.00,184.68,185.23,181.62,1105
07/17/2024,179.22,17 877 200.00,183.54,184.05,178.21,1106
07/18/2024,179.39,14 485 900.00,180.37,181.97,178.86,1107
07/19/2024,183.35,16 303 900.00,182.35,184.30,181.90,1108
07/22/2024,183.60,23 772 600.00,183.84,185.22,183.33,1109
07/23/2024,174.37,31 250 680.00,175.39,177.95,173.57,1110
07/24/2024,169.16,28 967 880.00,174.25,175.20,169.05,1111
07/25/2024,168.68,25 150 120.00,168.77,169.84,165.87,1112
07/26/2024,171.13,13 768 930.00,170.50,172.16,169.72,1113
07/29/2024,171.86,13 681 420.00,171.83,172.95,170.12,1114
07/30/2024,173.15,15 650 150.00,174.92,175.91,171.72,1115
07/31/2024,172.45,17 177 830.00,171.98,175.68,170.51,1116
08/01/2024,168.40,18 907 770.00,168.19,170.21,166.39,1117
08/02/2024,160.64,34 907 820.00,157.37,165.94,156.60,1118
08/05/2024,160.54,36 146 540.00,160.95,162.35,158.13,1119
08/06/2024,160.75,19 334 250.00,163.24,164.79,160.24,1120
08/07/2024,163.84,15 733 610.00,162.34,165.50,162.03,1121
08/08/2024,165.39,13 549 230.00,161.65,165.52,160.93,1122
08/09/2024,163.95,12 434 970.00,166.00,166.70,163.55,1123
08/12/2024,165.93,12 717 630.00,165.19,166.54,164.77,1124
08/13/2024,162.03,22 515 900.00,164.21,164.96,159.53,1125
08/14/2024,163.17,18 392 450.00,162.21,163.52,161.49,1126
08/15/2024,164.74,16 853 140.00,163.41,166.95,163.08,1127
08/16/2024,168.40,13 100 760.00,167.00,168.47,166.09,1128
08/19/2024,168.96,12 622 520.00,168.74,170.41,168.66,1129
08/20/2024,167.63,15 269 550.00,166.99,168.64,166.57,1130
08/21/2024,165.49,19 123 780.00,169.04,169.42,165.03,1131
08/22/2024,167.43,14 281 620.00,166.55,167.95,165.66,1132
08/23/2024,167.93,11 990 310.00,168.16,169.38,166.32,1133
08/26/2024,166.38,13 718 160.00,167.61,168.25,166.16,1134
08/27/2024,164.50,15 208 740.00,166.78,167.39,163.28,1135
08/28/2024,163.40,17 133 830.00,166.06,167.63,161.98,1136
08/29/2024,165.11,18 498 780.00,164.22,165.28,163.41,1137
08/30/2024,158.61,26 533 110.00,163.32,163.38,157.86,1138
09/03/2024,157.81,17 410 650.00,158.08,160.40,157.44,1139
09/04/2024,158.60,14 139 500.00,157.78,161.02,157.52,1140
09/05/2024,152.13,24 999 060.00,158.69,159.22,151.94,1141
09/06/2024,149.54,28 057 750.00,153.63,154.64,148.20,1142
09/09/2024,150.01,20 401 770.00,151.45,152.30,149.54,1143
09/10/2024,152.15,18 991 490.00,151.09,152.48,148.70,1144
09/11/2024,155.54,21 024 060.00,154.81,155.61,153.50,1145
09/12/2024,158.37,16 733 910.00,156.36,159.28,156.11,1146
09/13/2024,158.99,14 157 610.00,158.33,159.24,157.61,1147
09/16/2024,160.28,12 064 790.00,160.09,161.59,159.41,1148
09/17/2024,160.81,16 756 450.00,160.85,161.63,159.66,1149
09/18/2024,163.24,17 548 190.00,164.82,164.99,162.52,1150
09/19/2024,164.64,46 362 670.00,164.52,164.75,163.18,1151
09/20/2024,163.07,15 648 450.00,165.34,166.61,162.95,1152
09/23/2024,163.64,18 774 060.00,164.25,164.55,162.03,1153
09/24/2024,162.99,13 607 890.00,162.97,164.22,162.78,1154
09/25/2024,163.83,18 234 500.00,165.03,165.50,163.50,1155
09/26/2024,165.29,13 604 260.00,163.91,166.97,163.83,1156
09/27/2024,167.19,14 083 450.00,164.78,167.36,164.64,1157
09/30/2024,168.42,18 629 510.00,168.86,170.44,165.90,1158
10/01/2024,167.31,12 744 980.00,167.76,168.88,166.25,1159
10/02/2024,167.21,11 004 330.00,165.82,167.91,165.37,1160
10/03/2024,168.56,11 435 320.00,169.34,169.55,166.96,1161
10/04/2024,164.39,14 034 720.00,169.14,169.90,164.13,1162
10/07/2024,165.70,11 723 890.00,165.43,166.10,164.31,1163
10/08/2024,163.06,19 666 410.00,164.86,166.26,161.12,1164
10/09/2024,163.18,12 900 490.00,162.11,164.31,161.64,1165
10/10/2024,164.52,10 945 970.00,163.33,165.27,162.50,1166
10/11/2024,166.35,9 981 765.00,164.91,167.62,164.78,1167
10/14/2024,166.90,14 829 340.00,167.14,169.09,166.05,1168
10/15/2024,166.74,9 968 474.00,166.03,167.28,165.22,1169
10/16/2024,164.51,15 113 360.00,167.38,167.93,164.37,1170
10/17/2024,165.05,13 091 270.00,164.87,166.37,164.75,1171
10/18/2024,165.80,11 384 050.00,164.58,166.22,164.31,1172
10/21/2024,166.82,11 958 620.00,164.70,167.47,164.67,1173
10/22/2024,164.48,12 754 280.00,166.43,167.60,163.63,1174
10/23/2024,164.53,12 764 430.00,164.59,165.05,162.77,1175
10/24/2024,166.99,14 566 410.00,165.37,167.40,165.23,1176
10/25/2024,168.34,20 858 250.00,170.59,170.61,165.79,1177
10/28/2024,171.14,28 916 110.00,169.39,171.86,168.66,1178
10/29/2024,176.14,49 698 310.00,182.41,183.79,175.75,1179
10/30/2024,172.69,32 801 900.00,174.72,178.42,172.56,1180
10/31/2024,172.65,21 752 860.00,171.54,173.82,170.31,1181
11/01/2024,170.68,16 193 990.00,171.24,171.92,169.49,1182
11/04/2024,171.41,12 518 280.00,170.83,172.10,170.37,1183
11/05/2024,178.33,27 061 510.00,175.35,178.64,175.04,1184
11/06/2024,182.28,16 730 410.00,179.11,182.58,178.89,1185
11/07/2024,179.86,15 021 550.00,182.00,182.35,179.57,1186
11/08/2024,181.97,12 503 420.00,180.07,182.09,179.99,1187
11/11/2024,183.32,14 065 850.00,181.38,184.03,180.99,1188
11/12/2024,180.49,13 969 710.00,182.15,182.62,180.12,1189
11/13/2024,177.35,17 925 760.00,179.75,180.45,176.03,1190
11/14/2024,173.89,21 708 870.00,175.64,175.88,172.75,1191
11/15/2024,176.80,18 725 420.00,174.96,176.91,174.42,1192
11/18/2024,179.58,15 392 870.00,175.24,180.17,175.12,1193
11/19/2024,177.33,15 729 810.00,178.83,179.11,175.33,1194
11/20/2024,169.24,38 839 430.00,175.46,175.58,165.31,1195
11/21/2024,166.57,24 497 040.00,167.16,168.26,165.71,1196
11/22/2024,169.43,21 395 650.00,167.99,170.46,167.40,1197
11/25/2024,170.62,14 937 480.00,169.49,171.50,169.43,1198
11/26/2024,170.82,12 433 370.00,170.68,171.14,169.67,1199
11/27/2024,170.49,9 250 712.00,170.06,170.87,168.75,1200
11/29/2024,172.98,16 593 440.00,170.32,173.60,170.27,1201
12/02/2024,173.02,15 721 480.00,173.12,174.32,172.51,1202
12/03/2024,176.09,18 239 840.00,172.78,176.43,172.75,1203
12/04/2024,174.31,16 145 520.00,177.32,177.71,174.01,1204
12/05/2024,176.49,13 319 550.00,173.88,176.84,173.55,1205
12/06/2024,177.10,19 887 790.00,175.72,178.04,175.40,1206
12/09/2024,186.53,34 317 440.00,184.54,188.03,182.67,1207
12/10/2024,196.71,41 664 490.00,186.70,196.89,186.26,1208
12/11/2024,193.63,25 197 760.00,196.30,196.71,193.28,1209
12/12/2024,191.38,18 883 220.00,192.71,194.34,191.26,1210
12/13/2024,198.16,32 248 640.00,194.37,200.64,194.11,1211
12/16/2024,197.12,24 129 480.00,198.53,202.88,196.69,1212
12/17/2024,190.15,27 638 420.00,196.83,198.69,189.28,1213
12/18/2024,189.70,26 981 200.00,193.28,194.60,189.52,1214
12/19/2024,192.96,45 319 700.00,187.01,194.14,186.37,1215
12/20/2024,195.99,15 235 940.00,194.03,196.49,191.63,1216
12/23/2024,197.57,6 809 823.00,196.17,197.67,195.20,1217
12/24/2024,197.10,7 918 434.00,196.74,198.16,195.87,1218
12/26/2024,194.04,14 692 990.00,196.47,196.80,191.97,1219
12/27/2024,192.69,12 209 530.00,190.87,193.78,190.36,1220
12/30/2024,190.44,14 355 220.00,192.45,193.25,189.58,1221
12/31/2024,190.63,17 545 160.00,191.49,193.20,188.71,1222
01/02/2025,193.13,12 874 960.00,192.73,194.50,191.35,1223
01/03/2025,197.55,22 109 130.00,198.05,198.81,195.31,1224
01/06/2025,199.63,19 005 230.00,200.51,203.84,199.44,1225
01/07/2025,200.03,15 477 380.00,200.55,202.12,199.20,1226
01/08/2025,199.58,15 170 840.00,199.98,201.94,196.82,1227
01/10/2025,201.90,12 732 380.00,199.85,202.57,199.78,1228
01/13/2025,193.77,24 970 170.00,194.19,198.67,192.70,1229
01/14/2025,197.07,15 939 160.00,194.65,197.23,192.61,1230
01/15/2025,197.18,12 287 820.00,197.37,198.46,195.19,1231
01/16/2025,202.63,14 571 480.00,199.76,203.24,199.47,1232
01/17/2025,205.60,17 087 340.00,203.72,207.08,203.58,1233
01/21/2025,202.64,16 719 470.00,202.22,205.22,201.66,1234
01/22/2025,207.71,28 285 440.00,204.50,208.70,204.26,1235
01/23/2025,193.30,43 719 590.00,193.10,194.55,189.91,1236
01/24/2025,193.31,20 816 590.00,190.99,193.83,190.49,1237
01/27/2025,187.14,29 565 720.00,192.74,193.02,185.10,1238
01/28/2025,188.20,16 606 020.00,189.06,189.99,187.61,1239
01/29/2025,187.07,13 028 100.00,186.84,188.80,186.08,1240
01/30/2025,185.43,17 632 310.00,185.23,186.83,183.63,1241
01/31/2025,204.40,20 093 536.46,208.46,212.05,207.75,1242
02/03/2025,187.88,12 729 330.00,185.93,187.99,184.88,1243
02/04/2025,203.66,20 017 665.14,207.71,211.22,206.94,1244
02/05/2025,186.87,12 714 150.00,186.83,188.15,186.11,1245
02/06/2025,194.96,19 941 793.82,206.96,210.38,206.13,1246
02/07/2025,185.80,19 796 030.00,187.44,187.78,183.58,1247
02/10/2025,193.77,19 865 922.49,206.21,209.55,205.32,1248
02/11/2025,187.13,13 120 470.00,186.19,187.36,185.50,1249
02/12/2025,192.58,19 790 051.17,205.47,208.72,204.51,1250
02/13/2025,186.64,12 063 810.00,186.50,187.12,184.60,1251
02/14/2025,191.40,19 714 179.85,204.72,207.89,203.71,1252
02/18/2025,181.58,19 520 780.00,187.29,187.47,181.13,1253
02/19/2025,190.21,19 638 308.52,203.97,207.06,202.90,1254
02/20/2025,181.19,18 734 010.00,183.80,185.09,180.88,1255
02/21/2025,189.02,19 562 437.20,203.22,206.23,202.09,1256